<?xml version="1.0" encoding="utf-8"?>
<ArrayOfPost xmlns:xsi="http://www.w3.org/2001/XMLSchema-instance" xmlns:xsd="http://www.w3.org/2001/XMLSchema">
  <Post>
    <id>0</id>
    <post>Difference Between map and each</post>
    <idOfPinnedComment>0</idOfPinnedComment>
    <author>
      <id>2636</id>
      <login>BrianP284</login>
      <password>627522567c080de474c43cc69fc036a1de0bebdcf7b96c4a2becda9a47347398</password>
      <isModerator>0</isModerator>
      <posts>
        <Post>
          <id>0</id>
          <post>DELETED</post>
          <idOfPinnedComment>0</idOfPinnedComment>
          <date>0001-01-01T00:00:00</date>
        </Post>
        <Post>
          <id>0</id>
          <post>DELETED</post>
          <idOfPinnedComment>0</idOfPinnedComment>
          <date>0001-01-01T00:00:00</date>
        </Post>
        <Post>
          <id>0</id>
          <post>DELETED</post>
          <idOfPinnedComment>0</idOfPinnedComment>
          <date>0001-01-01T00:00:00</date>
        </Post>
      </posts>
      <comments>
        <Comment>
          <id>890</id>
          <comment>DELETED</comment>
          <date>0001-01-01T00:00:00</date>
        </Comment>
        <Comment>
          <id>265</id>
          <comment>DELETED</comment>
          <date>0001-01-01T00:00:00</date>
        </Comment>
        <Comment>
          <id>350</id>
          <comment>DELETED</comment>
          <date>0001-01-01T00:00:00</date>
        </Comment>
        <Comment>
          <id>469</id>
          <comment>DELETED</comment>
          <date>0001-01-01T00:00:00</date>
        </Comment>
        <Comment>
          <id>398</id>
          <comment>DELETED</comment>
          <date>0001-01-01T00:00:00</date>
        </Comment>
      </comments>
    </author>
    <comments>
      <Comment>
        <id>798</id>
        <comment>The dictionary is already sorted by date, so im wondering how can i get the first 30 dates.//</comment>
        <author>
          <id>631</id>
          <login />
          <password />
          <isModerator>0</isModerator>
        </author>
        <post>
          <id>430</id>
          <idOfPinnedComment>0</idOfPinnedComment>
          <date>0001-01-01T00:00:00</date>
        </post>
        <date>2021-05-15T18:53:09.064729</date>
      </Comment>
      <Comment>
        <id>10006</id>
        <comment>lol yeah</comment>
        <author>
          <id>9993</id>
          <login />
          <password />
          <isModerator>0</isModerator>
        </author>
        <post>
          <id>0</id>
          <post>Difference Between map and each</post>
          <idOfPinnedComment>0</idOfPinnedComment>
          <author>
            <id>2636</id>
            <login />
            <password />
            <isModerator>0</isModerator>
          </author>
          <comments>
            <Comment>
              <id>798</id>
              <comment />
              <date>0001-01-01T00:00:00</date>
            </Comment>
            <Comment>
              <id>10006</id>
              <comment />
              <date>0001-01-01T00:00:00</date>
            </Comment>
          </comments>
          <date>2021-05-15T18:56:11.8700168</date>
        </post>
        <date>2021-05-24T21:32:34.3635817+03:00</date>
      </Comment>
    </comments>
    <date>2021-05-15T18:56:11.8700168</date>
  </Post>
  <Post>
    <id>12</id>
    <post>Building an assembler</post>
    <idOfPinnedComment>0</idOfPinnedComment>
    <author>
      <id>505</id>
      <login>Matt Kantor111</login>
      <password>858f7e73c0c246e9243a7f4132cb64facc126e2e523fc97ba53751865e0d502b</password>
      <isModerator>1</isModerator>
      <posts>
        <Post>
          <id>12</id>
          <post>DELETED</post>
          <idOfPinnedComment>0</idOfPinnedComment>
          <date>0001-01-01T00:00:00</date>
        </Post>
        <Post>
          <id>328</id>
          <post>DELETED</post>
          <idOfPinnedComment>0</idOfPinnedComment>
          <date>0001-01-01T00:00:00</date>
        </Post>
        <Post>
          <id>899</id>
          <post>DELETED</post>
          <idOfPinnedComment>0</idOfPinnedComment>
          <date>0001-01-01T00:00:00</date>
        </Post>
        <Post>
          <id>540</id>
          <post>DELETED</post>
          <idOfPinnedComment>0</idOfPinnedComment>
          <date>0001-01-01T00:00:00</date>
        </Post>
        <Post>
          <id>317</id>
          <post>DELETED</post>
          <idOfPinnedComment>0</idOfPinnedComment>
          <date>0001-01-01T00:00:00</date>
        </Post>
        <Post>
          <id>12</id>
          <post>DELETED</post>
          <idOfPinnedComment>0</idOfPinnedComment>
          <date>0001-01-01T00:00:00</date>
        </Post>
        <Post>
          <id>12</id>
          <post>DELETED</post>
          <idOfPinnedComment>0</idOfPinnedComment>
          <date>0001-01-01T00:00:00</date>
        </Post>
      </posts>
      <comments>
        <Comment>
          <id>1675</id>
          <comment>DELETED</comment>
          <date>0001-01-01T00:00:00</date>
        </Comment>
      </comments>
    </author>
    <comments>
      <Comment>
        <id>872</id>
        <comment>DELETED</comment>
        <date>0001-01-01T00:00:00</date>
      </Comment>
    </comments>
    <date>2021-05-15T18:56:11.9347533</date>
  </Post>
  <Post>
    <id>328</id>
    <post>Mulitple column sort in JTable</post>
    <idOfPinnedComment>7613</idOfPinnedComment>
    <author>
      <id>505</id>
      <login>Matt Kantor111</login>
      <password>858f7e73c0c246e9243a7f4132cb64facc126e2e523fc97ba53751865e0d502b</password>
      <isModerator>1</isModerator>
      <posts>
        <Post>
          <id>12</id>
          <post>DELETED</post>
          <idOfPinnedComment>0</idOfPinnedComment>
          <date>0001-01-01T00:00:00</date>
        </Post>
        <Post>
          <id>328</id>
          <post>DELETED</post>
          <idOfPinnedComment>0</idOfPinnedComment>
          <date>0001-01-01T00:00:00</date>
        </Post>
        <Post>
          <id>899</id>
          <post>DELETED</post>
          <idOfPinnedComment>0</idOfPinnedComment>
          <date>0001-01-01T00:00:00</date>
        </Post>
        <Post>
          <id>540</id>
          <post>DELETED</post>
          <idOfPinnedComment>0</idOfPinnedComment>
          <date>0001-01-01T00:00:00</date>
        </Post>
        <Post>
          <id>317</id>
          <post>DELETED</post>
          <idOfPinnedComment>0</idOfPinnedComment>
          <date>0001-01-01T00:00:00</date>
        </Post>
        <Post>
          <id>12</id>
          <post>DELETED</post>
          <idOfPinnedComment>0</idOfPinnedComment>
          <date>0001-01-01T00:00:00</date>
        </Post>
        <Post>
          <id>12</id>
          <post>DELETED</post>
          <idOfPinnedComment>0</idOfPinnedComment>
          <date>0001-01-01T00:00:00</date>
        </Post>
      </posts>
      <comments>
        <Comment>
          <id>1675</id>
          <comment>DELETED</comment>
          <date>0001-01-01T00:00:00</date>
        </Comment>
      </comments>
    </author>
    <comments>
      <Comment>
        <id>5711</id>
        <comment>hi</comment>
        <author>
          <id>6612</id>
          <login />
          <password />
          <isModerator>0</isModerator>
        </author>
        <post>
          <id>987</id>
          <post>Mulitple column sort in JTable.</post>
          <idOfPinnedComment>2911</idOfPinnedComment>
          <author>
            <id>9993</id>
            <login />
            <password />
            <isModerator>0</isModerator>
          </author>
          <comments>
            <Comment>
              <id>5711</id>
              <comment />
              <date>0001-01-01T00:00:00</date>
            </Comment>
            <Comment>
              <id>2911</id>
              <comment />
              <date>0001-01-01T00:00:00</date>
            </Comment>
            <Comment>
              <id>5237</id>
              <comment />
              <date>0001-01-01T00:00:00</date>
            </Comment>
          </comments>
          <date>2021-05-15T18:56:11.9472084</date>
        </post>
        <date>2021-05-15T18:51:35.5692166</date>
      </Comment>
      <Comment>
        <id>2911</id>
        <comment>Some comment</comment>
        <author>
          <id>3425</id>
          <login />
          <password />
          <isModerator>0</isModerator>
        </author>
        <post>
          <id>987</id>
          <post>Mulitple column sort in JTable.</post>
          <idOfPinnedComment>2911</idOfPinnedComment>
          <author>
            <id>9993</id>
            <login />
            <password />
            <isModerator>0</isModerator>
          </author>
          <comments>
            <Comment>
              <id>5711</id>
              <comment />
              <date>0001-01-01T00:00:00</date>
            </Comment>
            <Comment>
              <id>2911</id>
              <comment />
              <date>0001-01-01T00:00:00</date>
            </Comment>
            <Comment>
              <id>5237</id>
              <comment />
              <date>0001-01-01T00:00:00</date>
            </Comment>
          </comments>
          <date>2021-05-15T18:56:11.9472084</date>
        </post>
        <date>2021-05-15T18:53:09.0238777</date>
      </Comment>
      <Comment>
        <id>5237</id>
        <comment>ahahahha</comment>
        <author>
          <id>4526</id>
          <login />
          <password />
          <isModerator>0</isModerator>
        </author>
        <post>
          <id>987</id>
          <post>Mulitple column sort in JTable.</post>
          <idOfPinnedComment>2911</idOfPinnedComment>
          <author>
            <id>9993</id>
            <login />
            <password />
            <isModerator>0</isModerator>
          </author>
          <comments>
            <Comment>
              <id>5711</id>
              <comment />
              <date>0001-01-01T00:00:00</date>
            </Comment>
            <Comment>
              <id>2911</id>
              <comment />
              <date>0001-01-01T00:00:00</date>
            </Comment>
            <Comment>
              <id>5237</id>
              <comment />
              <date>0001-01-01T00:00:00</date>
            </Comment>
          </comments>
          <date>2021-05-15T18:56:11.9472084</date>
        </post>
        <date>2021-05-15T18:53:09.0238777</date>
      </Comment>
    </comments>
    <date>2021-05-15T18:56:11.9472084</date>
  </Post>
  <Post>
    <id>540</id>
    <post>How can I return a variable from a $.getJSON function</post>
    <idOfPinnedComment>7413</idOfPinnedComment>
    <author>
      <id>505</id>
      <login>Matt Kantor111</login>
      <password>858f7e73c0c246e9243a7f4132cb64facc126e2e523fc97ba53751865e0d502b</password>
      <isModerator>1</isModerator>
      <posts>
        <Post>
          <id>12</id>
          <post>DELETED</post>
          <idOfPinnedComment>0</idOfPinnedComment>
          <date>0001-01-01T00:00:00</date>
        </Post>
        <Post>
          <id>328</id>
          <post>DELETED</post>
          <idOfPinnedComment>0</idOfPinnedComment>
          <date>0001-01-01T00:00:00</date>
        </Post>
        <Post>
          <id>899</id>
          <post>DELETED</post>
          <idOfPinnedComment>0</idOfPinnedComment>
          <date>0001-01-01T00:00:00</date>
        </Post>
        <Post>
          <id>540</id>
          <post>DELETED</post>
          <idOfPinnedComment>0</idOfPinnedComment>
          <date>0001-01-01T00:00:00</date>
        </Post>
        <Post>
          <id>317</id>
          <post>DELETED</post>
          <idOfPinnedComment>0</idOfPinnedComment>
          <date>0001-01-01T00:00:00</date>
        </Post>
        <Post>
          <id>12</id>
          <post>DELETED</post>
          <idOfPinnedComment>0</idOfPinnedComment>
          <date>0001-01-01T00:00:00</date>
        </Post>
        <Post>
          <id>12</id>
          <post>DELETED</post>
          <idOfPinnedComment>0</idOfPinnedComment>
          <date>0001-01-01T00:00:00</date>
        </Post>
      </posts>
      <comments>
        <Comment>
          <id>1675</id>
          <comment>DELETED</comment>
          <date>0001-01-01T00:00:00</date>
        </Comment>
      </comments>
    </author>
    <comments>
      <Comment>
        <id>7413</id>
        <comment>DELETED</comment>
        <date>0001-01-01T00:00:00</date>
      </Comment>
      <Comment>
        <id>1170</id>
        <comment>DELETED</comment>
        <date>0001-01-01T00:00:00</date>
      </Comment>
      <Comment>
        <id>8816</id>
        <comment>DELETED</comment>
        <date>0001-01-01T00:00:00</date>
      </Comment>
      <Comment>
        <id>3560</id>
        <comment>DELETED</comment>
        <date>0001-01-01T00:00:00</date>
      </Comment>
      <Comment>
        <id>2737</id>
        <comment>DELETED</comment>
        <date>0001-01-01T00:00:00</date>
      </Comment>
      <Comment>
        <id>8845</id>
        <comment>DELETED</comment>
        <date>0001-01-01T00:00:00</date>
      </Comment>
      <Comment>
        <id>8253</id>
        <comment>DELETED</comment>
        <date>0001-01-01T00:00:00</date>
      </Comment>
    </comments>
    <date>2021-05-15T18:56:11.9702843</date>
  </Post>
  <Post>
    <id>783</id>
    <post>How can I return a variable from a $.getJSON function</post>
    <idOfPinnedComment>5493</idOfPinnedComment>
    <author>
      <id>3</id>
      <login>Caleb Huitt - cjhuitt639</login>
      <password>0e249fb493e79c019c5f32bd1fc6b9b9b8c2d50f7454e8be799e15dd09f2a1b0</password>
      <isModerator>1</isModerator>
      <posts>
        <Post>
          <id>783</id>
          <post>DELETED</post>
          <idOfPinnedComment>0</idOfPinnedComment>
          <date>0001-01-01T00:00:00</date>
        </Post>
      </posts>
      <comments>
        <Comment>
          <id>7415</id>
          <comment>DELETED</comment>
          <date>0001-01-01T00:00:00</date>
        </Comment>
      </comments>
    </author>
    <comments>
      <Comment>
        <id>5493</id>
        <comment>Some comment here</comment>
        <author>
          <id>997</id>
          <login />
          <password />
          <isModerator>0</isModerator>
        </author>
        <post>
          <id>783</id>
          <post>How can I return a variable from a $.getJSON function</post>
          <idOfPinnedComment>5493</idOfPinnedComment>
          <author>
            <id>3</id>
            <login />
            <password />
            <isModerator>0</isModerator>
          </author>
          <comments>
            <Comment>
              <id>5493</id>
              <comment />
              <date>0001-01-01T00:00:00</date>
            </Comment>
          </comments>
          <date>2021-05-15T18:56:11.9225895</date>
        </post>
        <date>2021-05-15T18:53:09.0238777</date>
      </Comment>
    </comments>
    <date>2021-05-15T18:56:11.9225895</date>
  </Post>
  <Post>
    <id>899</id>
    <post>how to check status of checkboxes in gridview columns on click of button?</post>
    <idOfPinnedComment>803</idOfPinnedComment>
    <author>
      <id>505</id>
      <login>Matt Kantor111</login>
      <password>858f7e73c0c246e9243a7f4132cb64facc126e2e523fc97ba53751865e0d502b</password>
      <isModerator>1</isModerator>
      <posts>
        <Post>
          <id>12</id>
          <post>DELETED</post>
          <idOfPinnedComment>0</idOfPinnedComment>
          <date>0001-01-01T00:00:00</date>
        </Post>
        <Post>
          <id>328</id>
          <post>DELETED</post>
          <idOfPinnedComment>0</idOfPinnedComment>
          <date>0001-01-01T00:00:00</date>
        </Post>
        <Post>
          <id>899</id>
          <post>DELETED</post>
          <idOfPinnedComment>0</idOfPinnedComment>
          <date>0001-01-01T00:00:00</date>
        </Post>
        <Post>
          <id>540</id>
          <post>DELETED</post>
          <idOfPinnedComment>0</idOfPinnedComment>
          <date>0001-01-01T00:00:00</date>
        </Post>
        <Post>
          <id>317</id>
          <post>DELETED</post>
          <idOfPinnedComment>0</idOfPinnedComment>
          <date>0001-01-01T00:00:00</date>
        </Post>
        <Post>
          <id>12</id>
          <post>DELETED</post>
          <idOfPinnedComment>0</idOfPinnedComment>
          <date>0001-01-01T00:00:00</date>
        </Post>
        <Post>
          <id>12</id>
          <post>DELETED</post>
          <idOfPinnedComment>0</idOfPinnedComment>
          <date>0001-01-01T00:00:00</date>
        </Post>
      </posts>
      <comments>
        <Comment>
          <id>1675</id>
          <comment>DELETED</comment>
          <date>0001-01-01T00:00:00</date>
        </Comment>
      </comments>
    </author>
    <comments>
      <Comment>
        <id>803</id>
        <comment>DELETED</comment>
        <date>0001-01-01T00:00:00</date>
      </Comment>
      <Comment>
        <id>7577</id>
        <comment>DELETED</comment>
        <date>0001-01-01T00:00:00</date>
      </Comment>
      <Comment>
        <id>1328</id>
        <comment>DELETED</comment>
        <date>0001-01-01T00:00:00</date>
      </Comment>
      <Comment>
        <id>7023</id>
        <comment>DELETED</comment>
        <date>0001-01-01T00:00:00</date>
      </Comment>
      <Comment>
        <id>6813</id>
        <comment>DELETED</comment>
        <date>0001-01-01T00:00:00</date>
      </Comment>
      <Comment>
        <id>3251</id>
        <comment>DELETED</comment>
        <date>0001-01-01T00:00:00</date>
      </Comment>
      <Comment>
        <id>458</id>
        <comment>DELETED</comment>
        <date>0001-01-01T00:00:00</date>
      </Comment>
      <Comment>
        <id>3266</id>
        <comment>DELETED</comment>
        <date>0001-01-01T00:00:00</date>
      </Comment>
      <Comment>
        <id>2342</id>
        <comment>DELETED</comment>
        <date>0001-01-01T00:00:00</date>
      </Comment>
    </comments>
    <date>2021-05-15T18:56:11.9583746</date>
  </Post>
  <Post>
    <id>987</id>
    <post>Mulitple column sort in JTable.</post>
    <idOfPinnedComment>2911</idOfPinnedComment>
    <author>
      <id>9993</id>
      <isModerator>0</isModerator>
    </author>
    <comments>
      <Comment>
        <id>5711</id>
        <comment>hi</comment>
        <author>
          <id>6612</id>
          <login />
          <password />
          <isModerator>0</isModerator>
        </author>
        <post>
          <id>987</id>
          <post>Mulitple column sort in JTable.</post>
          <idOfPinnedComment>2911</idOfPinnedComment>
          <author>
            <id>9993</id>
            <login />
            <password />
            <isModerator>0</isModerator>
          </author>
          <comments>
            <Comment>
              <id>5711</id>
              <comment />
              <date>0001-01-01T00:00:00</date>
            </Comment>
            <Comment>
              <id>2911</id>
              <comment />
              <date>0001-01-01T00:00:00</date>
            </Comment>
            <Comment>
              <id>5237</id>
              <comment />
              <date>0001-01-01T00:00:00</date>
            </Comment>
          </comments>
          <date>2021-05-15T18:56:11.9472084</date>
        </post>
        <date>2021-05-15T18:51:35.5692166</date>
      </Comment>
      <Comment>
        <id>2911</id>
        <comment>Some comment</comment>
        <author>
          <id>3425</id>
          <login />
          <password />
          <isModerator>0</isModerator>
        </author>
        <post>
          <id>987</id>
          <post>Mulitple column sort in JTable.</post>
          <idOfPinnedComment>2911</idOfPinnedComment>
          <author>
            <id>9993</id>
            <login />
            <password />
            <isModerator>0</isModerator>
          </author>
          <comments>
            <Comment>
              <id>5711</id>
              <comment />
              <date>0001-01-01T00:00:00</date>
            </Comment>
            <Comment>
              <id>2911</id>
              <comment />
              <date>0001-01-01T00:00:00</date>
            </Comment>
            <Comment>
              <id>5237</id>
              <comment />
              <date>0001-01-01T00:00:00</date>
            </Comment>
          </comments>
          <date>2021-05-15T18:56:11.9472084</date>
        </post>
        <date>2021-05-15T18:53:09.0238777</date>
      </Comment>
      <Comment>
        <id>5237</id>
        <comment>ahahahha</comment>
        <author>
          <id>4526</id>
          <login />
          <password />
          <isModerator>0</isModerator>
        </author>
        <post>
          <id>987</id>
          <post>Mulitple column sort in JTable.</post>
          <idOfPinnedComment>2911</idOfPinnedComment>
          <author>
            <id>9993</id>
            <login />
            <password />
            <isModerator>0</isModerator>
          </author>
          <comments>
            <Comment>
              <id>5711</id>
              <comment />
              <date>0001-01-01T00:00:00</date>
            </Comment>
            <Comment>
              <id>2911</id>
              <comment />
              <date>0001-01-01T00:00:00</date>
            </Comment>
            <Comment>
              <id>5237</id>
              <comment />
              <date>0001-01-01T00:00:00</date>
            </Comment>
          </comments>
          <date>2021-05-15T18:56:11.9472084</date>
        </post>
        <date>2021-05-15T18:53:09.0238777</date>
      </Comment>
    </comments>
    <date>2021-05-15T18:56:11.9472084</date>
  </Post>
  <Post>
    <id>988</id>
    <post>hihihihihihi</post>
    <idOfPinnedComment>0</idOfPinnedComment>
    <author>
      <id>595</id>
      <isModerator>0</isModerator>
    </author>
    <comments>
      <Comment>
        <id>3715</id>
        <comment>DELETED</comment>
        <date>0001-01-01T00:00:00</date>
      </Comment>
      <Comment>
        <id>5822</id>
        <comment>DELETED</comment>
        <date>0001-01-01T00:00:00</date>
      </Comment>
      <Comment>
        <id>7708</id>
        <comment>DELETED</comment>
        <date>0001-01-01T00:00:00</date>
      </Comment>
    </comments>
    <date>2021-05-17T15:13:57.4576357</date>
  </Post>
  <Post>
    <id>993</id>
    <post>asecasssssss</post>
    <idOfPinnedComment>0</idOfPinnedComment>
    <author>
      <id>9993</id>
      <isModerator>0</isModerator>
    </author>
    <date>2021-05-17T21:16:52.0098205</date>
  </Post>
  <Post>
    <id>994</id>
    <post>test post</post>
    <idOfPinnedComment>10009</idOfPinnedComment>
    <author>
      <id>9993</id>
      <isModerator>0</isModerator>
    </author>
    <date>2021-05-25T17:38:44.8446654+03:00</date>
  </Post>
</ArrayOfPost>