<?xml version="1.0" encoding="utf-8"?>
<ArrayOfPost xmlns:xsi="http://www.w3.org/2001/XMLSchema-instance" xmlns:xsd="http://www.w3.org/2001/XMLSchema">
  <Post>
    <id>540</id>
    <post>How can I return a variable from a $.getJSON function</post>
    <idOfPinnedComment>7413</idOfPinnedComment>
    <author>
      <id>505</id>
      <login>Matt Kantor111</login>
      <password>858f7e73c0c246e9243a7f4132cb64facc126e2e523fc97ba53751865e0d502b</password>
      <isModerator>1</isModerator>
      <posts>
        <Post>
          <id>12</id>
          <post>DELETED</post>
          <idOfPinnedComment>0</idOfPinnedComment>
          <date>0001-01-01T00:00:00</date>
        </Post>
        <Post>
          <id>328</id>
          <post>DELETED</post>
          <idOfPinnedComment>0</idOfPinnedComment>
          <date>0001-01-01T00:00:00</date>
        </Post>
        <Post>
          <id>899</id>
          <post>DELETED</post>
          <idOfPinnedComment>0</idOfPinnedComment>
          <date>0001-01-01T00:00:00</date>
        </Post>
        <Post>
          <id>540</id>
          <post>DELETED</post>
          <idOfPinnedComment>0</idOfPinnedComment>
          <date>0001-01-01T00:00:00</date>
        </Post>
        <Post>
          <id>317</id>
          <post>DELETED</post>
          <idOfPinnedComment>0</idOfPinnedComment>
          <date>0001-01-01T00:00:00</date>
        </Post>
        <Post>
          <id>12</id>
          <post>DELETED</post>
          <idOfPinnedComment>0</idOfPinnedComment>
          <date>0001-01-01T00:00:00</date>
        </Post>
        <Post>
          <id>12</id>
          <post>DELETED</post>
          <idOfPinnedComment>0</idOfPinnedComment>
          <date>0001-01-01T00:00:00</date>
        </Post>
      </posts>
      <comments>
        <Comment>
          <id>1675</id>
          <comment>DELETED</comment>
          <date>0001-01-01T00:00:00</date>
        </Comment>
      </comments>
    </author>
    <comments>
      <Comment>
        <id>7413</id>
        <comment>DELETED</comment>
        <date>0001-01-01T00:00:00</date>
      </Comment>
      <Comment>
        <id>1170</id>
        <comment>DELETED</comment>
        <date>0001-01-01T00:00:00</date>
      </Comment>
      <Comment>
        <id>8816</id>
        <comment>DELETED</comment>
        <date>0001-01-01T00:00:00</date>
      </Comment>
      <Comment>
        <id>3560</id>
        <comment>DELETED</comment>
        <date>0001-01-01T00:00:00</date>
      </Comment>
      <Comment>
        <id>2737</id>
        <comment>DELETED</comment>
        <date>0001-01-01T00:00:00</date>
      </Comment>
      <Comment>
        <id>8845</id>
        <comment>DELETED</comment>
        <date>0001-01-01T00:00:00</date>
      </Comment>
      <Comment>
        <id>8253</id>
        <comment>DELETED</comment>
        <date>0001-01-01T00:00:00</date>
      </Comment>
    </comments>
    <date>2021-05-15T18:56:11.9702843</date>
  </Post>
  <Post>
    <id>783</id>
    <post>How can I return a variable from a $.getJSON function</post>
    <idOfPinnedComment>5493</idOfPinnedComment>
    <author>
      <id>3</id>
      <login>Caleb Huitt - cjhuitt639</login>
      <password>0e249fb493e79c019c5f32bd1fc6b9b9b8c2d50f7454e8be799e15dd09f2a1b0</password>
      <isModerator>1</isModerator>
      <posts>
        <Post>
          <id>783</id>
          <post>DELETED</post>
          <idOfPinnedComment>0</idOfPinnedComment>
          <date>0001-01-01T00:00:00</date>
        </Post>
      </posts>
      <comments>
        <Comment>
          <id>7415</id>
          <comment>DELETED</comment>
          <date>0001-01-01T00:00:00</date>
        </Comment>
      </comments>
    </author>
    <comments>
      <Comment>
        <id>5493</id>
        <comment>Some comment here</comment>
        <author>
          <id>997</id>
          <login />
          <password />
          <isModerator>0</isModerator>
        </author>
        <post>
          <id>783</id>
          <post>How can I return a variable from a $.getJSON function</post>
          <idOfPinnedComment>5493</idOfPinnedComment>
          <author>
            <id>3</id>
            <login />
            <password />
            <isModerator>0</isModerator>
          </author>
          <comments>
            <Comment>
              <id>5493</id>
              <comment />
              <date>0001-01-01T00:00:00</date>
            </Comment>
          </comments>
          <date>2021-05-15T18:56:11.9225895</date>
        </post>
        <date>2021-05-15T18:53:09.0238777</date>
      </Comment>
    </comments>
    <date>2021-05-15T18:56:11.9225895</date>
  </Post>
  <Post>
    <id>899</id>
    <post>how to check status of checkboxes in gridview columns on click of button?</post>
    <idOfPinnedComment>803</idOfPinnedComment>
    <author>
      <id>505</id>
      <login>Matt Kantor111</login>
      <password>858f7e73c0c246e9243a7f4132cb64facc126e2e523fc97ba53751865e0d502b</password>
      <isModerator>1</isModerator>
      <posts>
        <Post>
          <id>12</id>
          <post>DELETED</post>
          <idOfPinnedComment>0</idOfPinnedComment>
          <date>0001-01-01T00:00:00</date>
        </Post>
        <Post>
          <id>328</id>
          <post>DELETED</post>
          <idOfPinnedComment>0</idOfPinnedComment>
          <date>0001-01-01T00:00:00</date>
        </Post>
        <Post>
          <id>899</id>
          <post>DELETED</post>
          <idOfPinnedComment>0</idOfPinnedComment>
          <date>0001-01-01T00:00:00</date>
        </Post>
        <Post>
          <id>540</id>
          <post>DELETED</post>
          <idOfPinnedComment>0</idOfPinnedComment>
          <date>0001-01-01T00:00:00</date>
        </Post>
        <Post>
          <id>317</id>
          <post>DELETED</post>
          <idOfPinnedComment>0</idOfPinnedComment>
          <date>0001-01-01T00:00:00</date>
        </Post>
        <Post>
          <id>12</id>
          <post>DELETED</post>
          <idOfPinnedComment>0</idOfPinnedComment>
          <date>0001-01-01T00:00:00</date>
        </Post>
        <Post>
          <id>12</id>
          <post>DELETED</post>
          <idOfPinnedComment>0</idOfPinnedComment>
          <date>0001-01-01T00:00:00</date>
        </Post>
      </posts>
      <comments>
        <Comment>
          <id>1675</id>
          <comment>DELETED</comment>
          <date>0001-01-01T00:00:00</date>
        </Comment>
      </comments>
    </author>
    <comments>
      <Comment>
        <id>803</id>
        <comment>DELETED</comment>
        <date>0001-01-01T00:00:00</date>
      </Comment>
      <Comment>
        <id>7577</id>
        <comment>DELETED</comment>
        <date>0001-01-01T00:00:00</date>
      </Comment>
      <Comment>
        <id>1328</id>
        <comment>DELETED</comment>
        <date>0001-01-01T00:00:00</date>
      </Comment>
      <Comment>
        <id>7023</id>
        <comment>DELETED</comment>
        <date>0001-01-01T00:00:00</date>
      </Comment>
      <Comment>
        <id>6813</id>
        <comment>DELETED</comment>
        <date>0001-01-01T00:00:00</date>
      </Comment>
      <Comment>
        <id>3251</id>
        <comment>DELETED</comment>
        <date>0001-01-01T00:00:00</date>
      </Comment>
      <Comment>
        <id>458</id>
        <comment>DELETED</comment>
        <date>0001-01-01T00:00:00</date>
      </Comment>
      <Comment>
        <id>3266</id>
        <comment>DELETED</comment>
        <date>0001-01-01T00:00:00</date>
      </Comment>
      <Comment>
        <id>2342</id>
        <comment>DELETED</comment>
        <date>0001-01-01T00:00:00</date>
      </Comment>
    </comments>
    <date>2021-05-15T18:56:11.9583746</date>
  </Post>
</ArrayOfPost>